,name,album,artist,release_date,duration_ms,popularity,explicit,available_markets,danceability,acousticness,danceability,energy,instrumentalness,liveness,loudness,speechiness,tempo,time_signature
0,Karma Police,The Best Of,Radiohead,2008-04-07,261640,3,False,[],0.41,0.0874,0.41,0.53,0.000223,0.137,-8.685,0.0271,74.923,4
1,Disarm - Remastered,Siamese Dream (2011 - Remaster),The Smashing Pumpkins,1993,196905,4,False,[],0.527,0.142,0.527,0.418,0.775,0.139,-10.205,0.0277,129.516,4
2,A Horse with No Name,America,America,1972,252239,77,False,"['AD', 'AE', 'AR', 'AT', 'AU', 'BE', 'BG', 'BH', 'BO', 'BR', 'CA', 'CH', 'CL', 'CO', 'CR', 'CY', 'CZ', 'DE', 'DK', 'DO', 'DZ', 'EC', 'EE', 'EG', 'ES', 'FI', 'FR', 'GB', 'GR', 'GT', 'HK', 'HN', 'HU', 'ID', 'IE', 'IL', 'IN', 'IS', 'IT', 'JO', 'JP', 'KW', 'LB', 'LI', 'LT', 'LU', 'LV', 'MA', 'MC', 'MT', 'MX', 'MY', 'NI', 'NL', 'NO', 'NZ', 'OM', 'PA', 'PE', 'PH', 'PL', 'PS', 'PT', 'PY', 'QA', 'RO', 'SA', 'SE', 'SG', 'SK', 'SV', 'TH', 'TN', 'TR', 'TW', 'US', 'UY', 'VN', 'ZA']",0.654,0.686,0.654,0.506,0.0155,0.155,-17.18,0.0535,123.179,4
3,Lake Of Fire,MTV Unplugged In New York,Nirvana,1994-11-01,175906,3,False,[],0.561,0.318,0.561,0.616,4.47e-05,0.405,-9.69,0.195,145.249,4
4,Life's What You Make It - 1997 Remaster,The Colour of Spring,Talk Talk,1986,268893,60,False,"['AD', 'AE', 'AR', 'AT', 'AU', 'BE', 'BG', 'BH', 'BO', 'BR', 'CA', 'CH', 'CL', 'CO', 'CR', 'CY', 'CZ', 'DE', 'DK', 'DO', 'DZ', 'EC', 'EE', 'EG', 'ES', 'FI', 'FR', 'GB', 'GR', 'GT', 'HK', 'HN', 'HU', 'ID', 'IE', 'IL', 'IN', 'IS', 'IT', 'JO', 'JP', 'KW', 'LB', 'LI', 'LT', 'LU', 'LV', 'MA', 'MC', 'MT', 'MX', 'MY', 'NI', 'NL', 'NO', 'NZ', 'OM', 'PA', 'PE', 'PH', 'PL', 'PS', 'PT', 'PY', 'QA', 'RO', 'SA', 'SE', 'SG', 'SK', 'SV', 'TH', 'TN', 'TR', 'TW', 'US', 'UY', 'VN', 'ZA']",0.525,0.00367,0.525,0.804,0.285,0.0382,-7.575,0.0321,91.951,4
5,Road Trippin',Californication (Deluxe Edition),Red Hot Chili Peppers,1999-06-08,204973,61,False,"['AD', 'AE', 'AR', 'AT', 'AU', 'BE', 'BG', 'BH', 'BO', 'BR', 'CA', 'CH', 'CL', 'CO', 'CR', 'CY', 'CZ', 'DE', 'DK', 'DO', 'DZ', 'EC', 'EE', 'EG', 'ES', 'FI', 'FR', 'GB', 'GR', 'GT', 'HK', 'HN', 'HU', 'ID', 'IE', 'IL', 'IN', 'IS', 'IT', 'JO', 'JP', 'KW', 'LB', 'LT', 'LU', 'LV', 'MA', 'MC', 'MT', 'MX', 'MY', 'NI', 'NL', 'NO', 'NZ', 'OM', 'PA', 'PE', 'PH', 'PL', 'PT', 'PY', 'QA', 'RO', 'SA', 'SE', 'SG', 'SK', 'SV', 'TH', 'TN', 'TR', 'TW', 'US', 'UY', 'VN', 'ZA']",0.243,0.309,0.243,0.47,0.000798,0.121,-8.194,0.0353,204.026,4
6,Breakfast In America - Remastered,Breakfast In America (Deluxe Edition),Supertramp,1979-03-29,159346,8,False,[],0.532,0.425,0.532,0.663,1.07e-06,0.0734,-5.886,0.0292,75.14,4
7,Erase / Rewind,Gran Turismo,The Cardigans,1998-10-01,215760,3,False,[],0.732,0.00145,0.732,0.681,0.00112,0.11,-7.103,0.0317,103.72,4
8,Stuck In The Middle With You,Stuck In The Middle With You - The Hits Collection,Stealers Wheel,1998-01-01,206560,7,False,[],0.749,0.0552,0.749,0.74,0.000569,0.16,-4.965,0.0334,124.463,4
9,About A Girl,MTV Unplugged In New York,Nirvana,1994-11-01,217199,4,False,[],0.614,0.152,0.614,0.768,2.02e-05,0.873,-9.169,0.0756,121.009,4
10,Wish You Were Here - 2011 Remastered Version,Wish You Were Here (2011 Remastered Version),Pink Floyd,1975-09-12,334743,9,False,[],0.481,0.735,0.481,0.262,0.0114,0.832,-15.73,0.0414,122.883,4
11,Eyes Without A Face - 1999 - Remaster,Rebel Yell,Billy Idol,1983,298293,3,False,[],0.552,0.00718,0.552,0.59,0.174,0.273,-11.751,0.0399,85.746,4
12,No Rain,Blind Melon,Blind Melon,1992-01-01,217106,73,False,"['AD', 'AE', 'AR', 'AT', 'AU', 'BE', 'BG', 'BH', 'BO', 'BR', 'CA', 'CH', 'CL', 'CO', 'CR', 'CY', 'CZ', 'DE', 'DK', 'DO', 'DZ', 'EC', 'EE', 'EG', 'ES', 'FI', 'FR', 'GB', 'GR', 'GT', 'HK', 'HN', 'HU', 'ID', 'IE', 'IL', 'IN', 'IS', 'IT', 'JO', 'JP', 'KW', 'LB', 'LI', 'LT', 'LU', 'LV', 'MA', 'MC', 'MT', 'MX', 'MY', 'NI', 'NL', 'NO', 'NZ', 'OM', 'PA', 'PE', 'PH', 'PL', 'PS', 'PT', 'PY', 'QA', 'RO', 'SA', 'SE', 'SG', 'SK', 'SV', 'TH', 'TN', 'TR', 'TW', 'US', 'UY', 'VN', 'ZA']",0.389,0.619,0.389,0.476,5.09e-05,0.255,-9.342,0.0316,148.117,4
13,Drive,Automatic For The People (U.S. Version),R.E.M.,1992-10-05,264706,6,False,[],0.469,0.21,0.469,0.42,0.000341,0.135,-11.287,0.0287,142.071,4
14,Stairway to Heaven - 1990 Remaster,Led Zeppelin IV,Led Zeppelin,1971-11-08,478173,68,False,"['AD', 'AE', 'AR', 'AT', 'AU', 'BE', 'BG', 'BH', 'BO', 'BR', 'CA', 'CH', 'CL', 'CO', 'CR', 'CY', 'CZ', 'DE', 'DK', 'DO', 'DZ', 'EC', 'EE', 'EG', 'ES', 'FI', 'FR', 'GB', 'GR', 'GT', 'HK', 'HN', 'HU', 'ID', 'IE', 'IL', 'IN', 'IS', 'IT', 'JO', 'KW', 'LB', 'LT', 'LU', 'LV', 'MA', 'MC', 'MT', 'MX', 'MY', 'NI', 'NL', 'NO', 'NZ', 'OM', 'PA', 'PE', 'PH', 'PL', 'PT', 'PY', 'QA', 'RO', 'SA', 'SE', 'SG', 'SK', 'SV', 'TH', 'TN', 'TR', 'TW', 'US', 'UY', 'VN', 'ZA']",0.346,0.575,0.346,0.335,0.00674,0.185,-12.453,0.0339,84.204,4
15,Baker Street,City to City,Gerry Rafferty,1978,365626,69,False,"['AD', 'AE', 'AR', 'AT', 'AU', 'BE', 'BG', 'BH', 'BO', 'BR', 'CA', 'CH', 'CL', 'CO', 'CR', 'CY', 'CZ', 'DE', 'DK', 'DO', 'DZ', 'EC', 'EE', 'EG', 'ES', 'FI', 'FR', 'GR', 'GT', 'HK', 'HN', 'HU', 'ID', 'IE', 'IL', 'IN', 'IS', 'IT', 'JO', 'JP', 'KW', 'LB', 'LI', 'LT', 'LU', 'LV', 'MA', 'MC', 'MT', 'MX', 'MY', 'NI', 'NL', 'NO', 'NZ', 'OM', 'PA', 'PE', 'PH', 'PL', 'PT', 'PY', 'QA', 'RO', 'SA', 'SE', 'SG', 'SK', 'SV', 'TH', 'TN', 'TR', 'TW', 'US', 'UY', 'VN', 'ZA']",0.497,0.0929,0.497,0.349,0.028,0.259,-14.0,0.0297,113.762,4
16,Creep,Core,Stone Temple Pilots,1992-09-29,332626,60,False,"['AD', 'AE', 'AR', 'AT', 'AU', 'BE', 'BG', 'BH', 'BO', 'BR', 'CH', 'CL', 'CO', 'CR', 'CY', 'CZ', 'DE', 'DK', 'DO', 'DZ', 'EC', 'EE', 'EG', 'ES', 'FI', 'FR', 'GB', 'GR', 'GT', 'HK', 'HN', 'HU', 'ID', 'IE', 'IL', 'IN', 'IS', 'IT', 'JO', 'JP', 'KW', 'LB', 'LI', 'LT', 'LU', 'LV', 'MA', 'MC', 'MT', 'MX', 'MY', 'NI', 'NL', 'NO', 'NZ', 'OM', 'PA', 'PE', 'PH', 'PL', 'PS', 'PT', 'PY', 'QA', 'RO', 'SA', 'SE', 'SG', 'SK', 'SV', 'TH', 'TN', 'TR', 'TW', 'UY', 'VN', 'ZA']",0.66,0.00428,0.66,0.567,0.0137,0.11,-6.318,0.0289,107.754,4
17,Wild Horses,Sticky Fingers,The Rolling Stones,1971-04-23,341000,5,False,[],0.446,0.774,0.446,0.273,0.0242,0.0757,-11.12,0.0275,138.31,4
18,Wicked Game - Remastered,Best Of Chris Isaak,Chris Isaak,2006-05-05,286880,63,False,"['AD', 'AT', 'BE', 'BG', 'CH', 'CY', 'CZ', 'DE', 'DK', 'EE', 'ES', 'FI', 'FR', 'GB', 'GR', 'HU', 'IE', 'IS', 'IT', 'LI', 'LT', 'LU', 'LV', 'MC', 'MT', 'NL', 'NO', 'PL', 'PT', 'RO', 'SE', 'SK', 'TR']",0.664,0.743,0.664,0.553,0.00978,0.0838,-7.723,0.0264,112.52,4
19,Ventura Highway,Homecoming,America,1972-01-01,211386,70,False,"['AD', 'AE', 'AR', 'AT', 'AU', 'BE', 'BG', 'BH', 'BO', 'BR', 'CA', 'CH', 'CL', 'CO', 'CR', 'CY', 'CZ', 'DE', 'DK', 'DO', 'DZ', 'EC', 'EE', 'EG', 'ES', 'FI', 'FR', 'GB', 'GR', 'GT', 'HK', 'HN', 'HU', 'ID', 'IE', 'IL', 'IN', 'IS', 'IT', 'JO', 'JP', 'KW', 'LB', 'LI', 'LT', 'LU', 'LV', 'MA', 'MC', 'MT', 'MX', 'MY', 'NI', 'NL', 'NO', 'NZ', 'OM', 'PA', 'PE', 'PH', 'PL', 'PS', 'PT', 'PY', 'QA', 'RO', 'SA', 'SE', 'SG', 'SK', 'SV', 'TH', 'TN', 'TR', 'TW', 'US', 'UY', 'VN', 'ZA']",0.673,0.223,0.673,0.581,0.000206,0.063,-10.205,0.029,130.771,4
20,Saturday Night,Beautiful Ones - An Introduction to Suede,Suede,2016-05-27,276040,48,False,"['AD', 'AE', 'AT', 'AU', 'BE', 'BG', 'BH', 'CH', 'CY', 'CZ', 'DE', 'DK', 'EE', 'ES', 'FI', 'FR', 'GB', 'GR', 'HK', 'HU', 'ID', 'IE', 'IS', 'IT', 'JO', 'JP', 'KW', 'LB', 'LI', 'LT', 'LU', 'LV', 'MC', 'MT', 'MY', 'NL', 'NO', 'NZ', 'OM', 'PH', 'PL', 'PS', 'PT', 'QA', 'RO', 'SA', 'SE', 'SG', 'SK', 'TH', 'TR', 'TW', 'VN']",0.505,0.0574,0.505,0.857,7.43e-05,0.189,-6.368,0.0585,116.451,4
21,Livin' Thing,A New World Record,Electric Light Orchestra,1976,212306,4,False,[],0.549,0.583,0.549,0.651,0.0,0.121,-7.097,0.0323,122.818,4
22,Everybody Wants To Rule The World,Songs From The Big Chair (Super Deluxe Edition),Tears For Fears,1985-02-25,251488,80,False,"['AD', 'AE', 'AR', 'AT', 'AU', 'BE', 'BG', 'BH', 'BO', 'BR', 'CA', 'CH', 'CL', 'CO', 'CR', 'CY', 'CZ', 'DE', 'DK', 'DO', 'DZ', 'EC', 'EE', 'EG', 'ES', 'FI', 'FR', 'GB', 'GR', 'GT', 'HK', 'HN', 'HU', 'ID', 'IE', 'IL', 'IN', 'IS', 'IT', 'JO', 'JP', 'KW', 'LB', 'LI', 'LT', 'LU', 'LV', 'MA', 'MC', 'MT', 'MX', 'MY', 'NI', 'NL', 'NO', 'NZ', 'OM', 'PA', 'PE', 'PH', 'PL', 'PS', 'PT', 'PY', 'QA', 'RO', 'SA', 'SE', 'SG', 'SK', 'SV', 'TH', 'TN', 'TR', 'TW', 'US', 'UY', 'VN', 'ZA']",0.645,0.347,0.645,0.795,0.00389,0.104,-12.095,0.0527,112.067,4
23,"Another Brick In The Wall, Pt. 2 - 2011 Remastered Version",The Wall [2011 - Remaster] (2011 Remastered Version),Pink Floyd,1979-11-30,238746,6,False,[],0.694,0.0781,0.694,0.394,0.000677,0.247,-15.881,0.0428,104.126,4
24,I'm Not In Love,Tenology,10cc,2012-01-01,367240,6,False,[],0.385,0.785,0.385,0.622,0.00475,0.126,-13.139,0.0569,133.525,4
25,This Is Not America (with The Pat Metheny Group) - 2014 Remastered Version,Nothing Has Changed (The Best Of David Bowie),David Bowie,2014-11-14,231546,5,False,[],0.724,0.331,0.724,0.716,0.079,0.0762,-10.907,0.0366,115.171,4
26,Sex & Candy,Sex And Candy,Marcy Playground,1998-01-01,175533,41,False,"['AD', 'AE', 'AR', 'AT', 'AU', 'BE', 'BG', 'BH', 'BO', 'BR', 'CH', 'CL', 'CO', 'CR', 'CY', 'CZ', 'DE', 'DK', 'DO', 'DZ', 'EC', 'EE', 'EG', 'ES', 'FI', 'FR', 'GB', 'GR', 'GT', 'HK', 'HN', 'HU', 'ID', 'IE', 'IL', 'IN', 'IS', 'IT', 'JO', 'KW', 'LB', 'LI', 'LT', 'LU', 'LV', 'MA', 'MC', 'MT', 'MX', 'MY', 'NI', 'NL', 'NO', 'NZ', 'OM', 'PA', 'PE', 'PH', 'PL', 'PS', 'PT', 'PY', 'QA', 'RO', 'SA', 'SE', 'SG', 'SK', 'SV', 'TH', 'TN', 'TR', 'TW', 'UY', 'VN', 'ZA']",0.663,0.246,0.663,0.549,0.0,0.124,-9.581,0.0248,80.414,4
27,Maneater,H2O,Daryl Hall & John Oates,1982,271893,11,False,[],0.727,0.0351,0.727,0.685,4.43e-05,0.0973,-7.159,0.0398,88.75,4
28,Ordinary World,Duran Duran,Duran Duran,1993-02-15,340200,72,False,"['AD', 'AE', 'AR', 'AT', 'AU', 'BE', 'BG', 'BH', 'BO', 'BR', 'CA', 'CH', 'CL', 'CO', 'CR', 'CY', 'CZ', 'DE', 'DK', 'DO', 'DZ', 'EC', 'EE', 'EG', 'ES', 'FI', 'FR', 'GB', 'GR', 'GT', 'HK', 'HN', 'HU', 'ID', 'IE', 'IL', 'IN', 'IS', 'IT', 'JO', 'JP', 'KW', 'LB', 'LI', 'LT', 'LU', 'LV', 'MA', 'MC', 'MT', 'MX', 'MY', 'NI', 'NL', 'NO', 'NZ', 'OM', 'PA', 'PE', 'PH', 'PL', 'PS', 'PT', 'PY', 'QA', 'RO', 'SA', 'SE', 'SG', 'SK', 'SV', 'TH', 'TN', 'TR', 'TW', 'US', 'UY', 'VN', 'ZA']",0.472,0.0131,0.472,0.652,1.12e-05,0.14,-10.171,0.0305,140.124,4
29,Wild World,Tea for the Tillerman (Deluxe Edition),Yusuf / Cat Stevens,1970-11-23,200173,14,False,[],0.484,0.376,0.484,0.508,0.000791,0.0961,-9.308,0.0364,151.867,4
30,Dreadlock Holiday,Bloody Tourists,10cc,1978,267946,6,False,[],0.837,0.541,0.837,0.38,0.00789,0.198,-13.341,0.064,104.995,4
31,Angie - Remastered 2009,Goats Head Soup (Remastered 2009),The Rolling Stones,1973-08-31,272000,8,False,[],0.429,0.67,0.429,0.554,0.000152,0.105,-6.128,0.0291,136.302,4
32,Losing My Religion,Out Of Time (U.S. Version),R.E.M.,1991-01-01,267733,11,False,[],0.672,0.0767,0.672,0.841,0.0,0.135,-5.992,0.0285,125.437,4
33,Everlong - Acoustic Version,Greatest Hits,Foo Fighters,2009-11-03,250906,69,False,"['AD', 'AE', 'AR', 'AT', 'AU', 'BE', 'BG', 'BH', 'BO', 'BR', 'CA', 'CH', 'CL', 'CO', 'CR', 'CY', 'CZ', 'DE', 'DK', 'DO', 'DZ', 'EC', 'EE', 'EG', 'ES', 'FI', 'FR', 'GB', 'GR', 'GT', 'HK', 'HN', 'HU', 'ID', 'IE', 'IL', 'IN', 'IS', 'IT', 'JO', 'JP', 'KW', 'LB', 'LI', 'LT', 'LU', 'LV', 'MA', 'MC', 'MT', 'MX', 'MY', 'NI', 'NL', 'NO', 'NZ', 'OM', 'PA', 'PE', 'PH', 'PL', 'PS', 'PT', 'PY', 'QA', 'RO', 'SA', 'SE', 'SG', 'SK', 'SV', 'TH', 'TN', 'TR', 'TW', 'US', 'UY', 'VN', 'ZA']",0.643,0.909,0.643,0.344,0.0112,0.106,-11.342,0.0349,144.171,4
34,Never Tear Us Apart,Kick 30,INXS,1987-10-19,186760,60,False,"['AD', 'AE', 'AR', 'AT', 'AU', 'BE', 'BG', 'BH', 'BO', 'BR', 'CH', 'CL', 'CO', 'CR', 'CY', 'CZ', 'DE', 'DK', 'DO', 'DZ', 'EC', 'EE', 'EG', 'ES', 'FI', 'FR', 'GB', 'GR', 'GT', 'HK', 'HN', 'HU', 'ID', 'IE', 'IL', 'IN', 'IS', 'IT', 'JO', 'JP', 'KW', 'LB', 'LI', 'LT', 'LU', 'LV', 'MA', 'MC', 'MT', 'MY', 'NI', 'NL', 'NO', 'NZ', 'OM', 'PA', 'PE', 'PH', 'PL', 'PS', 'PT', 'PY', 'QA', 'RO', 'SA', 'SE', 'SG', 'SK', 'SV', 'TH', 'TN', 'TR', 'TW', 'UY', 'VN', 'ZA']",0.664,0.00382,0.664,0.611,0.000581,0.0888,-7.834,0.0276,96.604,3
35,Under the Bridge,Blood Sugar Sex Magik (Deluxe Edition),Red Hot Chili Peppers,1991-09-24,264306,80,False,"['AD', 'AE', 'AR', 'AT', 'AU', 'BE', 'BG', 'BH', 'BO', 'BR', 'CA', 'CH', 'CL', 'CO', 'CR', 'CY', 'CZ', 'DE', 'DK', 'DO', 'DZ', 'EC', 'EE', 'EG', 'ES', 'FI', 'FR', 'GB', 'GR', 'GT', 'HK', 'HN', 'HU', 'ID', 'IE', 'IL', 'IN', 'IS', 'IT', 'JO', 'JP', 'KW', 'LB', 'LI', 'LT', 'LU', 'LV', 'MA', 'MC', 'MT', 'MX', 'MY', 'NI', 'NL', 'NO', 'NZ', 'OM', 'PA', 'PE', 'PH', 'PL', 'PS', 'PT', 'PY', 'QA', 'RO', 'SA', 'SE', 'SG', 'SK', 'SV', 'TH', 'TN', 'TR', 'TW', 'US', 'UY', 'VN', 'ZA']",0.559,0.0576,0.559,0.345,0.000105,0.141,-13.496,0.0459,84.581,4
36,Rocket Man (I Think It's Going To Be A Long Long Time),Honky Chateau (Remastered),Elton John,1972-05-19,281613,13,False,[],0.601,0.432,0.601,0.532,6.25e-06,0.0925,-9.119,0.0286,136.571,4
37,Mmm Mmm Mmm Mmm,God Shuffled His Feet,Crash Test Dummies,1993-04-05,235173,65,False,"['AD', 'AE', 'AR', 'AT', 'AU', 'BE', 'BG', 'BH', 'BO', 'BR', 'CA', 'CH', 'CL', 'CO', 'CR', 'CY', 'CZ', 'DE', 'DK', 'DO', 'DZ', 'EC', 'EE', 'EG', 'ES', 'FI', 'FR', 'GB', 'GR', 'GT', 'HK', 'HN', 'HU', 'ID', 'IE', 'IL', 'IN', 'IS', 'IT', 'JO', 'JP', 'KW', 'LB', 'LI', 'LT', 'LU', 'LV', 'MA', 'MC', 'MT', 'MX', 'MY', 'NI', 'NL', 'NO', 'NZ', 'OM', 'PA', 'PE', 'PH', 'PL', 'PS', 'PT', 'PY', 'QA', 'RO', 'SA', 'SE', 'SG', 'SK', 'SV', 'TH', 'TN', 'TR', 'TW', 'US', 'UY', 'VN', 'ZA']",0.58,0.25,0.58,0.575,1.83e-05,0.0813,-7.72,0.0231,92.934,4
38,One of These Nights - 2013 Remaster,One of These Nights (2013 Remaster),Eagles,1975,291685,70,False,"['AD', 'AE', 'AR', 'AT', 'AU', 'BE', 'BG', 'BH', 'BO', 'BR', 'CA', 'CH', 'CL', 'CO', 'CR', 'CY', 'CZ', 'DE', 'DK', 'DO', 'DZ', 'EC', 'EE', 'EG', 'ES', 'FI', 'FR', 'GB', 'GR', 'GT', 'HK', 'HN', 'HU', 'ID', 'IE', 'IL', 'IN', 'IS', 'IT', 'JO', 'JP', 'KW', 'LB', 'LI', 'LT', 'LU', 'LV', 'MA', 'MC', 'MT', 'MX', 'MY', 'NI', 'NL', 'NO', 'NZ', 'OM', 'PA', 'PE', 'PH', 'PL', 'PT', 'PY', 'QA', 'RO', 'SA', 'SE', 'SG', 'SK', 'SV', 'TH', 'TN', 'TR', 'TW', 'US', 'UY', 'VN', 'ZA']",0.655,0.0603,0.655,0.606,0.0789,0.0757,-10.385,0.0285,110.061,4
39,Brothers In Arms,Brothers In Arms (Remastered),Dire Straits,1985-05-13,424000,11,False,[],0.413,0.531,0.413,0.296,0.801,0.183,-13.904,0.0277,79.273,4
40,Fare Thee Well,Fare Thee Well,Stone Temple Pilots,2019-12-02,261880,20,False,[],0.431,0.547,0.431,0.371,0.0154,0.0921,-8.709,0.0272,66.853,4
41,Dust in the Wind,Point Of Know Return,Kansas,1977,206266,77,False,"['AD', 'AE', 'AR', 'AT', 'AU', 'BE', 'BG', 'BH', 'BO', 'BR', 'CA', 'CH', 'CL', 'CO', 'CR', 'CY', 'CZ', 'DE', 'DK', 'DO', 'DZ', 'EC', 'EE', 'EG', 'ES', 'FI', 'FR', 'GB', 'GR', 'GT', 'HK', 'HN', 'HU', 'ID', 'IE', 'IL', 'IN', 'IS', 'IT', 'JO', 'JP', 'KW', 'LB', 'LI', 'LT', 'LU', 'LV', 'MA', 'MC', 'MT', 'MX', 'MY', 'NI', 'NL', 'NO', 'NZ', 'OM', 'PA', 'PE', 'PH', 'PL', 'PS', 'PT', 'PY', 'QA', 'RO', 'SA', 'SE', 'SG', 'SK', 'SV', 'TH', 'TN', 'TR', 'TW', 'US', 'UY', 'VN', 'ZA']",0.475,0.367,0.475,0.322,0.00056,0.11,-10.687,0.0283,93.503,4
42,Linger,"Everybody Else Is Doing It, So Why Can't We?",The Cranberries,1993-03-01,274706,75,False,"['AD', 'AE', 'AR', 'AT', 'AU', 'BE', 'BG', 'BH', 'BO', 'BR', 'CA', 'CH', 'CL', 'CO', 'CR', 'CY', 'CZ', 'DE', 'DK', 'DO', 'EC', 'EE', 'EG', 'ES', 'FI', 'FR', 'GB', 'GR', 'GT', 'HK', 'HN', 'HU', 'ID', 'IE', 'IL', 'IN', 'IS', 'IT', 'JO', 'JP', 'LB', 'LI', 'LT', 'LU', 'LV', 'MC', 'MT', 'MX', 'MY', 'NI', 'NL', 'NO', 'NZ', 'OM', 'PA', 'PE', 'PH', 'PL', 'PS', 'PT', 'PY', 'QA', 'RO', 'SA', 'SE', 'SG', 'SK', 'SV', 'TH', 'TN', 'TR', 'TW', 'US', 'UY', 'VN', 'ZA']",0.439,0.0783,0.439,0.434,4.87e-05,0.14,-14.918,0.0265,94.845,4
43,"Black Hole Sun - Recorded Live At Red Robinson Show Theatre, Vancouver, Canada on April 30, 2011",Songbook,Chris Cornell,2011-01-01,277733,58,False,"['AD', 'AE', 'AR', 'AT', 'AU', 'BE', 'BG', 'BH', 'BO', 'BR', 'CH', 'CL', 'CO', 'CR', 'CY', 'CZ', 'DE', 'DK', 'DO', 'DZ', 'EC', 'EE', 'EG', 'ES', 'FI', 'FR', 'GB', 'GR', 'GT', 'HK', 'HN', 'HU', 'ID', 'IE', 'IL', 'IN', 'IS', 'IT', 'JO', 'JP', 'KW', 'LB', 'LI', 'LT', 'LU', 'LV', 'MA', 'MC', 'MT', 'MY', 'NI', 'NL', 'NO', 'NZ', 'OM', 'PA', 'PE', 'PH', 'PL', 'PS', 'PT', 'PY', 'QA', 'RO', 'SA', 'SE', 'SG', 'SK', 'SV', 'TH', 'TN', 'TR', 'TW', 'US', 'UY', 'VN', 'ZA']",0.449,0.731,0.449,0.385,0.0,0.958,-4.878,0.0301,123.299,4
44,Come As You Are,MTV Unplugged In New York,Nirvana,1994-11-01,253893,5,False,[],0.684,0.532,0.684,0.79,0.00183,0.0846,-8.714,0.0416,119.196,4
45,Summer Breeze,Seals & Crofts' Greatest Hits,Seals and Crofts,1972,205480,67,False,"['AD', 'AE', 'AR', 'AT', 'AU', 'BE', 'BG', 'BH', 'BO', 'BR', 'CA', 'CH', 'CL', 'CO', 'CR', 'CY', 'CZ', 'DE', 'DK', 'DO', 'DZ', 'EC', 'EE', 'EG', 'ES', 'FI', 'FR', 'GB', 'GR', 'GT', 'HK', 'HN', 'HU', 'ID', 'IE', 'IL', 'IN', 'IS', 'IT', 'JO', 'JP', 'KW', 'LB', 'LI', 'LT', 'LU', 'LV', 'MA', 'MC', 'MT', 'MX', 'MY', 'NI', 'NL', 'NO', 'NZ', 'OM', 'PA', 'PE', 'PH', 'PL', 'PS', 'PT', 'PY', 'QA', 'RO', 'SA', 'SE', 'SG', 'SK', 'SV', 'TH', 'TN', 'TR', 'TW', 'US', 'UY', 'VN', 'ZA']",0.49,0.553,0.49,0.581,0.0177,0.0764,-6.566,0.0388,88.718,4
46,Plush - Acoustic,Thank You,Stone Temple Pilots,2003-11-10,230293,66,False,"['AD', 'AE', 'AR', 'AT', 'AU', 'BE', 'BG', 'BH', 'BO', 'BR', 'CA', 'CH', 'CL', 'CO', 'CR', 'CY', 'CZ', 'DE', 'DK', 'DO', 'DZ', 'EC', 'EE', 'EG', 'ES', 'FI', 'FR', 'GB', 'GR', 'GT', 'HK', 'HN', 'HU', 'ID', 'IE', 'IL', 'IN', 'IS', 'IT', 'JO', 'JP', 'KW', 'LB', 'LI', 'LT', 'LU', 'LV', 'MA', 'MC', 'MT', 'MX', 'MY', 'NI', 'NL', 'NO', 'NZ', 'OM', 'PA', 'PE', 'PH', 'PL', 'PS', 'PT', 'PY', 'QA', 'RO', 'SA', 'SE', 'SG', 'SK', 'SV', 'TH', 'TN', 'TR', 'TW', 'US', 'UY', 'VN', 'ZA']",0.644,0.712,0.644,0.363,0.0,0.659,-11.019,0.0397,133.396,4
47,Ordinary Man (feat. Elton John),Ordinary Man (feat. Elton John),Ozzy Osbourne,2020-01-10,301730,64,False,"['AD', 'AE', 'AR', 'AT', 'AU', 'BE', 'BG', 'BH', 'BO', 'BR', 'CA', 'CH', 'CL', 'CO', 'CR', 'CY', 'CZ', 'DE', 'DK', 'DO', 'DZ', 'EC', 'EE', 'EG', 'ES', 'FI', 'FR', 'GB', 'GR', 'GT', 'HK', 'HN', 'HU', 'ID', 'IE', 'IL', 'IN', 'IS', 'IT', 'JO', 'JP', 'KW', 'LB', 'LI', 'LT', 'LU', 'LV', 'MA', 'MC', 'MT', 'MX', 'MY', 'NI', 'NL', 'NO', 'NZ', 'OM', 'PA', 'PE', 'PH', 'PL', 'PS', 'PT', 'PY', 'QA', 'RO', 'SA', 'SG', 'SK', 'SV', 'TH', 'TN', 'TR', 'TW', 'US', 'UY', 'VN', 'ZA']",0.428,0.0665,0.428,0.599,9.86e-06,0.137,-2.135,0.0286,125.83,4
48,Drive,Heartbeat City,The Cars,1984-03-13,234493,69,False,"['AD', 'AE', 'AR', 'AT', 'AU', 'BE', 'BG', 'BH', 'BO', 'BR', 'CA', 'CH', 'CL', 'CO', 'CR', 'CY', 'CZ', 'DE', 'DK', 'DO', 'DZ', 'EC', 'EE', 'EG', 'ES', 'FI', 'FR', 'GB', 'GR', 'GT', 'HK', 'HN', 'HU', 'ID', 'IE', 'IL', 'IN', 'IS', 'IT', 'JO', 'JP', 'KW', 'LB', 'LI', 'LT', 'LU', 'LV', 'MA', 'MC', 'MT', 'MX', 'MY', 'NI', 'NL', 'NO', 'NZ', 'OM', 'PA', 'PE', 'PH', 'PL', 'PS', 'PT', 'PY', 'QA', 'RO', 'SA', 'SE', 'SG', 'SK', 'SV', 'TH', 'TN', 'TR', 'TW', 'US', 'UY', 'VN', 'ZA']",0.582,0.124,0.582,0.606,0.00139,0.151,-9.961,0.0289,111.441,5
49,Beast Of Burden - Remastered,Some Girls,The Rolling Stones,1978-06-09,265173,74,False,"['AD', 'AE', 'AR', 'AT', 'AU', 'BE', 'BG', 'BH', 'BO', 'BR', 'CA', 'CH', 'CL', 'CO', 'CR', 'CY', 'CZ', 'DE', 'DK', 'DO', 'DZ', 'EC', 'EE', 'EG', 'ES', 'FI', 'FR', 'GB', 'GR', 'GT', 'HK', 'HN', 'HU', 'ID', 'IE', 'IL', 'IN', 'IS', 'IT', 'JO', 'JP', 'KW', 'LB', 'LI', 'LT', 'LU', 'LV', 'MA', 'MC', 'MT', 'MX', 'MY', 'NI', 'NL', 'NO', 'NZ', 'OM', 'PA', 'PE', 'PH', 'PL', 'PS', 'PT', 'PY', 'QA', 'RO', 'SA', 'SE', 'SG', 'SK', 'SV', 'TH', 'TN', 'TR', 'TW', 'US', 'UY', 'VN', 'ZA']",0.783,0.39,0.783,0.878,0.000778,0.0426,-3.864,0.0308,100.626,4
50,Everywhere,Tango In The Night,Fleetwood Mac,1987-04-13,222733,13,False,[],0.69,0.218,0.69,0.54,0.00657,0.115,-10.516,0.0317,114.846,4
51,I Surrender,These Are The Days,Saybia,2004-09-13,219000,54,False,"['AD', 'AE', 'AR', 'AT', 'AU', 'BE', 'BG', 'BH', 'BO', 'BR', 'CA', 'CH', 'CL', 'CO', 'CR', 'CY', 'CZ', 'DE', 'DK', 'DO', 'DZ', 'EC', 'EE', 'EG', 'ES', 'FI', 'FR', 'GB', 'GR', 'GT', 'HK', 'HN', 'HU', 'ID', 'IE', 'IL', 'IN', 'IS', 'IT', 'JO', 'JP', 'KW', 'LB', 'LI', 'LT', 'LU', 'LV', 'MA', 'MC', 'MT', 'MX', 'MY', 'NI', 'NL', 'NO', 'NZ', 'OM', 'PA', 'PE', 'PH', 'PL', 'PS', 'PT', 'PY', 'QA', 'RO', 'SA', 'SE', 'SG', 'SK', 'SV', 'TH', 'TN', 'TR', 'TW', 'US', 'UY', 'VN', 'ZA']",0.285,0.283,0.285,0.434,7.87e-05,0.0552,-7.014,0.0315,135.828,4
52,Wicked Game - Acoustic; Live,Come What(ever) May [Special Edition],Stone Sour,2006-07-24,267253,50,False,['US'],0.561,0.644,0.561,0.337,8.79e-05,0.67,-9.272,0.0284,109.373,4
53,Give A Little Bit,Even In The Quietest Moments (Remastered),Supertramp,1977-01-01,248173,10,False,[],0.533,0.0637,0.533,0.822,0.00795,0.259,-5.419,0.0474,91.353,4
54,Just Breathe,Backspacer,Pearl Jam,2009-09-21,215853,6,False,[],0.453,0.714,0.453,0.349,7.94e-05,0.0835,-11.077,0.0289,107.791,4
55,I'm On Fire,Born In The U.S.A.,Bruce Springsteen,1984-06-04,155880,74,False,"['AD', 'AE', 'AR', 'AT', 'AU', 'BE', 'BG', 'BH', 'BO', 'BR', 'CA', 'CH', 'CL', 'CO', 'CR', 'CY', 'CZ', 'DE', 'DK', 'DO', 'DZ', 'EC', 'EE', 'EG', 'ES', 'FI', 'FR', 'GB', 'GR', 'GT', 'HK', 'HN', 'HU', 'ID', 'IE', 'IL', 'IN', 'IS', 'IT', 'JO', 'JP', 'KW', 'LB', 'LI', 'LT', 'LU', 'LV', 'MA', 'MC', 'MT', 'MX', 'MY', 'NI', 'NL', 'NO', 'NZ', 'OM', 'PA', 'PE', 'PH', 'PL', 'PS', 'PT', 'PY', 'QA', 'RO', 'SA', 'SE', 'SG', 'SK', 'SV', 'TH', 'TN', 'TR', 'TW', 'US', 'UY', 'VN', 'ZA']",0.62,0.589,0.62,0.446,0.0299,0.0727,-14.451,0.0347,88.591,4
56,Shape Of My Heart,Ten Summoner's Tales,Sting,1993-03-09,279226,8,False,[],0.537,0.691,0.537,0.373,0.000915,0.083,-10.081,0.0331,83.936,4
57,Kayleigh,"A Singles Collection 1982-1992: Six of One, Half-Dozen of the Other",Marillion,1992-06-08,243413,58,False,"['AD', 'AE', 'AR', 'AT', 'AU', 'BE', 'BG', 'BH', 'BO', 'BR', 'CA', 'CH', 'CL', 'CO', 'CR', 'CY', 'CZ', 'DE', 'DK', 'DO', 'DZ', 'EC', 'EE', 'EG', 'ES', 'FI', 'FR', 'GB', 'GR', 'GT', 'HK', 'HN', 'HU', 'ID', 'IE', 'IL', 'IN', 'IS', 'IT', 'JO', 'JP', 'KW', 'LB', 'LI', 'LT', 'LU', 'LV', 'MA', 'MC', 'MT', 'MX', 'MY', 'NI', 'NL', 'NO', 'NZ', 'OM', 'PA', 'PE', 'PH', 'PL', 'PS', 'PT', 'PY', 'QA', 'RO', 'SA', 'SE', 'SG', 'SK', 'SV', 'TH', 'TN', 'TR', 'TW', 'US', 'UY', 'VN', 'ZA']",0.562,0.0188,0.562,0.671,0.00378,0.0947,-7.21,0.0269,106.002,4
58,When I Was a Boy,When I Was a Boy,Electric Light Orchestra,2015-09-25,192986,57,False,"['AD', 'AE', 'AR', 'AT', 'AU', 'BE', 'BG', 'BH', 'BO', 'BR', 'CA', 'CH', 'CL', 'CO', 'CR', 'CY', 'CZ', 'DE', 'DK', 'DO', 'DZ', 'EC', 'EE', 'EG', 'ES', 'FI', 'FR', 'GB', 'GR', 'GT', 'HK', 'HN', 'HU', 'ID', 'IE', 'IL', 'IN', 'IS', 'IT', 'JO', 'JP', 'KW', 'LB', 'LI', 'LT', 'LU', 'LV', 'MA', 'MC', 'MT', 'MX', 'MY', 'NI', 'NL', 'NO', 'NZ', 'OM', 'PA', 'PE', 'PH', 'PL', 'PS', 'PT', 'PY', 'QA', 'RO', 'SA', 'SE', 'SG', 'SK', 'SV', 'TH', 'TN', 'TR', 'TW', 'US', 'UY', 'VN', 'ZA']",0.237,0.843,0.237,0.462,0.0585,0.0964,-7.79,0.0308,149.178,4
59,Your Latest Trick,Brothers In Arms (Remastered),Dire Straits,1985-05-13,393266,7,False,[],0.703,0.719,0.703,0.409,0.0996,0.0697,-13.491,0.0339,122.56,4
60,'74-'75,Ring,The Connells,1993-01-01,278973,11,False,[],0.53,0.183,0.53,0.59,0.00227,0.0675,-9.169,0.025,144.202,4
61,Don't Dream It's Over,Crowded House,Crowded House,1986,236933,9,False,[],0.439,0.0148,0.439,0.422,4.84e-05,0.0697,-17.227,0.0409,81.833,4
62,It's Probably Me,Fields Of Gold - The Best Of Sting 1984 - 1994,Sting,1994-01-01,302040,60,False,"['AD', 'AE', 'AR', 'AT', 'AU', 'BE', 'BG', 'BH', 'BO', 'BR', 'CH', 'CL', 'CO', 'CR', 'CY', 'CZ', 'DE', 'DK', 'DO', 'DZ', 'EC', 'EE', 'EG', 'ES', 'FI', 'FR', 'GB', 'GR', 'GT', 'HK', 'HN', 'HU', 'ID', 'IE', 'IL', 'IN', 'IS', 'IT', 'JO', 'JP', 'KW', 'LB', 'LI', 'LT', 'LU', 'LV', 'MA', 'MC', 'MT', 'MY', 'NI', 'NL', 'NO', 'NZ', 'OM', 'PA', 'PE', 'PH', 'PL', 'PS', 'PT', 'PY', 'QA', 'RO', 'SA', 'SE', 'SG', 'SK', 'SV', 'TH', 'TN', 'TR', 'TW', 'UY', 'VN', 'ZA']",0.791,0.167,0.791,0.41,4.38e-06,0.0763,-12.604,0.084,91.021,4
63,Alive And Kicking,Once Upon A Time (Deluxe),Simple Minds,1985,289453,8,False,[],0.572,0.0753,0.572,0.913,1.5e-05,0.128,-4.26,0.0362,103.265,4
64,Ode To My Family,No Need To Argue (The Complete Sessions 1994-1995),The Cranberries,1994-10-03,271255,6,False,[],0.367,0.0472,0.367,0.443,1.46e-06,0.344,-10.11,0.0235,93.93,4
65,What a Fool Believes,"Best of The Doobies, Volume II",The Doobie Brothers,1977,219573,59,False,"['AD', 'AE', 'AR', 'AT', 'AU', 'BE', 'BG', 'BH', 'BO', 'BR', 'CA', 'CH', 'CL', 'CO', 'CR', 'CY', 'CZ', 'DE', 'DK', 'DO', 'DZ', 'EC', 'EE', 'EG', 'ES', 'FI', 'FR', 'GB', 'GR', 'GT', 'HK', 'HN', 'HU', 'ID', 'IE', 'IL', 'IN', 'IS', 'IT', 'JO', 'JP', 'KW', 'LB', 'LI', 'LT', 'LU', 'LV', 'MA', 'MC', 'MT', 'MX', 'MY', 'NI', 'NL', 'NO', 'NZ', 'OM', 'PA', 'PE', 'PH', 'PL', 'PT', 'PY', 'QA', 'RO', 'SA', 'SE', 'SG', 'SK', 'SV', 'TH', 'TN', 'TR', 'TW', 'US', 'UY', 'VN', 'ZA']",0.646,0.274,0.646,0.623,0.0,0.086,-8.82,0.0337,120.651,4
66,Fly Like an Eagle,Fly Like an Eagle,Stereophonics,2019-08-15,272586,59,False,"['AD', 'AE', 'AR', 'AT', 'AU', 'BE', 'BG', 'BH', 'BO', 'BR', 'CA', 'CH', 'CL', 'CO', 'CR', 'CY', 'CZ', 'DE', 'DK', 'DO', 'DZ', 'EC', 'EE', 'EG', 'ES', 'FI', 'FR', 'GB', 'GR', 'GT', 'HK', 'HN', 'HU', 'ID', 'IE', 'IL', 'IN', 'IS', 'IT', 'JO', 'JP', 'KW', 'LB', 'LI', 'LT', 'LU', 'LV', 'MA', 'MC', 'MT', 'MX', 'MY', 'NI', 'NL', 'NO', 'NZ', 'OM', 'PA', 'PE', 'PH', 'PL', 'PS', 'PT', 'PY', 'QA', 'RO', 'SA', 'SE', 'SG', 'SK', 'SV', 'TH', 'TN', 'TR', 'TW', 'US', 'UY', 'VN', 'ZA']",0.515,0.0922,0.515,0.407,0.0,0.0611,-8.032,0.0278,146.02,3
67,She's My Queen,Perdida,Stone Temple Pilots,2020-02-07,281906,52,False,"['AD', 'AE', 'AR', 'AT', 'AU', 'BE', 'BG', 'BH', 'BO', 'BR', 'CA', 'CH', 'CL', 'CO', 'CR', 'CY', 'CZ', 'DE', 'DK', 'DO', 'DZ', 'EC', 'EE', 'EG', 'ES', 'FI', 'FR', 'GB', 'GR', 'GT', 'HK', 'HN', 'HU', 'ID', 'IE', 'IL', 'IN', 'IS', 'IT', 'JO', 'JP', 'KW', 'LB', 'LI', 'LT', 'LU', 'LV', 'MA', 'MC', 'MT', 'MX', 'MY', 'NI', 'NL', 'NO', 'NZ', 'OM', 'PA', 'PE', 'PH', 'PL', 'PS', 'PT', 'PY', 'QA', 'RO', 'SA', 'SE', 'SG', 'SK', 'SV', 'TH', 'TN', 'TR', 'TW', 'US', 'UY', 'VN', 'ZA']",0.537,0.717,0.537,0.417,0.331,0.0666,-9.914,0.029,80.017,4
68,Rosanna,Toto IV,TOTO,1982-04-08,331200,71,False,"['AD', 'AE', 'AR', 'AT', 'AU', 'BE', 'BG', 'BH', 'BO', 'BR', 'CA', 'CH', 'CL', 'CO', 'CR', 'CY', 'CZ', 'DE', 'DK', 'DO', 'DZ', 'EC', 'EE', 'EG', 'ES', 'FI', 'FR', 'GB', 'GR', 'GT', 'HK', 'HN', 'HU', 'ID', 'IE', 'IL', 'IN', 'IS', 'IT', 'JO', 'JP', 'KW', 'LB', 'LI', 'LT', 'LU', 'LV', 'MA', 'MC', 'MT', 'MX', 'MY', 'NI', 'NL', 'NO', 'NZ', 'OM', 'PA', 'PE', 'PH', 'PL', 'PS', 'PT', 'PY', 'QA', 'RO', 'SA', 'SE', 'SG', 'SK', 'SV', 'TH', 'TN', 'TR', 'TW', 'US', 'UY', 'VN', 'ZA']",0.384,0.0213,0.384,0.512,0.000139,0.205,-13.035,0.0358,78.442,4
69,Urgent - 2008 Remaster,No End in Sight: The Very Best of Foreigner,Foreigner,2008-07-08,259453,50,False,"['AD', 'AE', 'AR', 'AT', 'AU', 'BE', 'BG', 'BH', 'BO', 'BR', 'CA', 'CH', 'CL', 'CO', 'CR', 'CY', 'CZ', 'DE', 'DK', 'DO', 'DZ', 'EC', 'EE', 'EG', 'ES', 'FI', 'FR', 'GB', 'GR', 'GT', 'HK', 'HN', 'HU', 'ID', 'IE', 'IL', 'IN', 'IS', 'IT', 'JO', 'KW', 'LB', 'LI', 'LT', 'LU', 'LV', 'MA', 'MC', 'MT', 'MX', 'MY', 'NI', 'NL', 'NO', 'NZ', 'OM', 'PA', 'PE', 'PH', 'PL', 'PS', 'PT', 'PY', 'QA', 'RO', 'SA', 'SE', 'SG', 'SK', 'SV', 'TH', 'TN', 'TR', 'TW', 'UY', 'VN', 'ZA']",0.851,0.362,0.851,0.794,0.00587,0.082,-5.456,0.033,114.956,4
70,It Ain't Over 'Til It's Over,Mama Said,Lenny Kravitz,1991-04-02,242640,68,False,"['AD', 'AE', 'AR', 'AT', 'AU', 'BE', 'BG', 'BH', 'BO', 'BR', 'CA', 'CH', 'CL', 'CO', 'CR', 'CY', 'CZ', 'DE', 'DK', 'DO', 'DZ', 'EC', 'EE', 'EG', 'ES', 'FI', 'FR', 'GB', 'GR', 'GT', 'HK', 'HN', 'HU', 'ID', 'IE', 'IL', 'IN', 'IS', 'IT', 'JO', 'JP', 'KW', 'LB', 'LI', 'LT', 'LU', 'LV', 'MA', 'MC', 'MT', 'MX', 'MY', 'NI', 'NL', 'NO', 'NZ', 'OM', 'PA', 'PE', 'PH', 'PL', 'PS', 'PT', 'PY', 'QA', 'RO', 'SA', 'SE', 'SG', 'SK', 'SV', 'TH', 'TN', 'TR', 'TW', 'US', 'UY', 'VN', 'ZA']",0.679,0.422,0.679,0.568,0.00948,0.322,-10.74,0.0423,159.689,4
71,Heaven For Everyone - Remastered 2011,Made In Heaven (2011 Remaster),Queen,1995-11-06,336160,61,False,"['AD', 'AE', 'AR', 'AT', 'AU', 'BE', 'BG', 'BH', 'BO', 'BR', 'CH', 'CL', 'CO', 'CR', 'CY', 'CZ', 'DE', 'DK', 'DO', 'DZ', 'EC', 'EE', 'EG', 'ES', 'FI', 'FR', 'GB', 'GR', 'GT', 'HK', 'HN', 'HU', 'ID', 'IE', 'IL', 'IN', 'IS', 'IT', 'JO', 'JP', 'KW', 'LB', 'LI', 'LT', 'LU', 'LV', 'MA', 'MC', 'MT', 'MX', 'MY', 'NI', 'NL', 'NO', 'NZ', 'OM', 'PA', 'PE', 'PH', 'PL', 'PS', 'PT', 'PY', 'QA', 'RO', 'SA', 'SE', 'SG', 'SK', 'SV', 'TH', 'TN', 'TR', 'TW', 'UY', 'VN', 'ZA']",0.593,0.29,0.593,0.425,1.34e-06,0.167,-9.775,0.0288,110.208,4
72,Dreamer,Down To Earth,Ozzy Osbourne,2001-10-16,284906,65,False,"['AD', 'AE', 'AR', 'AT', 'AU', 'BE', 'BG', 'BH', 'BO', 'BR', 'CA', 'CH', 'CL', 'CO', 'CR', 'CY', 'CZ', 'DE', 'DK', 'DO', 'DZ', 'EC', 'EE', 'EG', 'ES', 'FI', 'FR', 'GB', 'GR', 'GT', 'HK', 'HN', 'HU', 'ID', 'IE', 'IL', 'IN', 'IS', 'IT', 'JO', 'JP', 'KW', 'LB', 'LI', 'LT', 'LU', 'LV', 'MA', 'MC', 'MT', 'MX', 'MY', 'NI', 'NL', 'NO', 'NZ', 'OM', 'PA', 'PE', 'PH', 'PL', 'PS', 'PT', 'PY', 'QA', 'RO', 'SA', 'SE', 'SG', 'SK', 'SV', 'TH', 'TN', 'TR', 'TW', 'US', 'UY', 'VN', 'ZA']",0.493,0.0629,0.493,0.636,2.49e-06,0.0921,-7.408,0.0256,79.419,4
73,Janie's Got A Gun,Big Ones,Aerosmith,1994-01-01,330533,56,False,"['CA', 'MX', 'US']",0.633,0.0516,0.633,0.823,0.000496,0.188,-5.792,0.0287,115.107,4
74,Bother,Stone Sour,Stone Sour,2002-08-19,240400,65,True,"['AD', 'AE', 'AR', 'AT', 'AU', 'BE', 'BG', 'BH', 'BO', 'BR', 'CA', 'CH', 'CL', 'CO', 'CR', 'CY', 'CZ', 'DE', 'DK', 'DO', 'DZ', 'EC', 'EE', 'EG', 'ES', 'FI', 'FR', 'GB', 'GR', 'GT', 'HN', 'HU', 'IE', 'IL', 'IN', 'IS', 'IT', 'JO', 'JP', 'KW', 'LB', 'LI', 'LT', 'LU', 'LV', 'MA', 'MC', 'MT', 'MX', 'NI', 'NL', 'NO', 'NZ', 'OM', 'PA', 'PE', 'PL', 'PT', 'PY', 'QA', 'RO', 'SA', 'SE', 'SK', 'SV', 'TN', 'TR', 'US', 'UY', 'ZA']",0.272,0.388,0.272,0.281,2.29e-05,0.158,-7.634,0.0287,89.914,4
75,Weather With You,Woodface,Crowded House,1991-01-01,224466,69,False,"['AD', 'AE', 'AR', 'AT', 'AU', 'BE', 'BG', 'BH', 'BO', 'BR', 'CA', 'CH', 'CL', 'CO', 'CR', 'CY', 'CZ', 'DE', 'DK', 'DO', 'DZ', 'EC', 'EE', 'EG', 'ES', 'FI', 'FR', 'GB', 'GR', 'GT', 'HK', 'HN', 'HU', 'ID', 'IE', 'IL', 'IN', 'IS', 'IT', 'JO', 'JP', 'KW', 'LB', 'LI', 'LT', 'LU', 'LV', 'MA', 'MC', 'MT', 'MX', 'MY', 'NI', 'NL', 'NO', 'NZ', 'OM', 'PA', 'PE', 'PH', 'PL', 'PS', 'PT', 'PY', 'QA', 'RO', 'SA', 'SE', 'SG', 'SK', 'SV', 'TH', 'TN', 'TR', 'TW', 'US', 'UY', 'VN', 'ZA']",0.643,0.25,0.643,0.614,7.17e-06,0.214,-12.878,0.0279,93.982,4
76,Everybody Hurts,Automatic For The People (U.S. Version),R.E.M.,1992-10-05,318240,10,False,[],0.254,0.614,0.254,0.383,0.0237,0.172,-8.036,0.0282,188.2,3
77,Tiny Dancer,Madman Across The Water,Elton John,1971-11-05,377093,8,False,[],0.415,0.396,0.415,0.425,0.000407,0.143,-11.082,0.0278,145.234,4
78,Walk On the Ocean,fear,Toad The Wet Sprocket,1991-08-27,178773,54,False,"['AD', 'AE', 'AR', 'AT', 'AU', 'BE', 'BG', 'BH', 'BO', 'BR', 'CA', 'CH', 'CL', 'CO', 'CR', 'CY', 'CZ', 'DE', 'DK', 'DO', 'DZ', 'EC', 'EE', 'EG', 'ES', 'FI', 'FR', 'GB', 'GR', 'GT', 'HK', 'HN', 'HU', 'ID', 'IE', 'IL', 'IN', 'IS', 'IT', 'JO', 'JP', 'KW', 'LB', 'LI', 'LT', 'LU', 'LV', 'MA', 'MC', 'MT', 'MX', 'MY', 'NI', 'NL', 'NO', 'NZ', 'OM', 'PA', 'PE', 'PH', 'PL', 'PS', 'PT', 'PY', 'QA', 'RO', 'SA', 'SE', 'SG', 'SK', 'SV', 'TH', 'TN', 'TR', 'TW', 'US', 'UY', 'VN', 'ZA']",0.395,0.236,0.395,0.502,5.79e-06,0.332,-8.328,0.0309,183.237,3
79,Streets of Philadelphia - Single Edit,Greatest Hits,Bruce Springsteen,1995-02-27,195293,11,False,[],0.724,0.341,0.724,0.249,0.11,0.0933,-15.488,0.0321,93.667,4
80,Purple Rain,Purple Rain,Prince,1984-06-25,520786,75,False,"['AD', 'AE', 'AR', 'AT', 'AU', 'BE', 'BG', 'BH', 'BO', 'BR', 'CA', 'CH', 'CL', 'CO', 'CR', 'CY', 'CZ', 'DE', 'DK', 'DO', 'DZ', 'EC', 'EE', 'EG', 'ES', 'FI', 'FR', 'GB', 'GR', 'GT', 'HK', 'HN', 'HU', 'ID', 'IE', 'IL', 'IN', 'IS', 'IT', 'JO', 'JP', 'KW', 'LB', 'LI', 'LT', 'LU', 'LV', 'MA', 'MC', 'MT', 'MX', 'MY', 'NI', 'NL', 'NO', 'NZ', 'OM', 'PA', 'PE', 'PH', 'PL', 'PT', 'PY', 'QA', 'RO', 'SA', 'SE', 'SG', 'SK', 'SV', 'TH', 'TN', 'TR', 'TW', 'US', 'UY', 'VN', 'ZA']",0.367,0.0353,0.367,0.452,0.00228,0.689,-10.422,0.0307,113.066,4
81,Nothing Else Matters,Metallica,Metallica,1991-08-12,388733,12,False,[],0.558,0.0505,0.558,0.364,5.02e-06,0.0753,-11.258,0.0265,142.171,3
82,Woman In Chains,The Seeds Of Love (Remastered with bonus tracks),Tears For Fears,1989-09-25,393000,8,False,[],0.459,0.0226,0.459,0.628,0.00126,0.0405,-8.272,0.0297,80.0,4
83,You Get What You Give,Maybe You've Been Brainwashed Too,New Radicals,1998-01-01,300773,8,False,[],0.621,0.17,0.621,0.901,0.0,0.0875,-5.396,0.0302,113.967,4
84,Don't Speak,Tragic Kingdom,No Doubt,1995-10-10,263000,6,False,[],0.522,0.24,0.522,0.707,2.04e-05,0.156,-7.113,0.0354,76.05,4
85,Still Got The Blues,Still Got The Blues,Gary Moore,1990-01-01,370866,65,False,"['AD', 'AE', 'AR', 'AT', 'AU', 'BE', 'BG', 'BH', 'BO', 'BR', 'CA', 'CH', 'CL', 'CO', 'CR', 'CY', 'CZ', 'DE', 'DK', 'DO', 'DZ', 'EC', 'EE', 'EG', 'ES', 'FI', 'FR', 'GB', 'GR', 'GT', 'HK', 'HN', 'HU', 'ID', 'IE', 'IL', 'IN', 'IS', 'IT', 'JO', 'JP', 'KW', 'LB', 'LI', 'LT', 'LU', 'LV', 'MA', 'MC', 'MT', 'MX', 'MY', 'NI', 'NL', 'NO', 'NZ', 'OM', 'PA', 'PE', 'PH', 'PL', 'PS', 'PT', 'PY', 'QA', 'RO', 'SA', 'SE', 'SG', 'SK', 'SV', 'TH', 'TN', 'TR', 'TW', 'US', 'UY', 'VN', 'ZA']",0.189,0.257,0.189,0.39,0.000152,0.122,-14.497,0.0353,169.563,3
86,Hotel California - 2013 Remaster,Hotel California (2013 Remaster),Eagles,1976-12-08,391376,82,False,"['AD', 'AE', 'AR', 'AT', 'AU', 'BE', 'BG', 'BH', 'BO', 'BR', 'CA', 'CH', 'CL', 'CO', 'CR', 'CY', 'CZ', 'DE', 'DK', 'DO', 'DZ', 'EC', 'EE', 'EG', 'ES', 'FI', 'FR', 'GB', 'GR', 'GT', 'HK', 'HN', 'HU', 'ID', 'IE', 'IL', 'IN', 'IS', 'IT', 'JO', 'JP', 'KW', 'LB', 'LI', 'LT', 'LU', 'LV', 'MA', 'MC', 'MT', 'MX', 'MY', 'NI', 'NL', 'NO', 'NZ', 'OM', 'PA', 'PE', 'PH', 'PL', 'PT', 'PY', 'QA', 'RO', 'SA', 'SE', 'SG', 'SK', 'SV', 'TH', 'TN', 'TR', 'TW', 'US', 'UY', 'VN', 'ZA']",0.579,0.00574,0.579,0.508,0.000494,0.0575,-9.484,0.027,147.125,4
87,Yesterday - Remastered,Help! (Remastered),The Beatles,1965-08-06,125666,11,False,[],0.332,0.879,0.332,0.179,0.0,0.0886,-11.83,0.0326,96.529,4
88,What's Up?,"Bigger, Better, Faster, More !",4 Non Blondes,1992-01-01,295493,11,False,[],0.566,0.156,0.566,0.57,0.0,0.118,-9.875,0.0285,134.537,4
89,Have You Ever Seen The Rain,Chronicle: 20 Greatest Hits,Creedence Clearwater Revival,1976-01-01,160000,65,False,"['AD', 'AE', 'AR', 'AT', 'AU', 'BE', 'BG', 'BH', 'BO', 'BR', 'CA', 'CH', 'CL', 'CO', 'CR', 'CY', 'CZ', 'DE', 'DK', 'DO', 'DZ', 'EC', 'EE', 'EG', 'ES', 'FI', 'FR', 'GB', 'GR', 'GT', 'HK', 'HN', 'HU', 'ID', 'IE', 'IL', 'IN', 'IS', 'IT', 'JO', 'JP', 'KW', 'LB', 'LI', 'LT', 'LU', 'LV', 'MA', 'MC', 'MT', 'MX', 'MY', 'NI', 'NL', 'NO', 'NZ', 'OM', 'PA', 'PE', 'PH', 'PL', 'PS', 'PT', 'PY', 'QA', 'RO', 'SA', 'SE', 'SG', 'SK', 'SV', 'TH', 'TN', 'TR', 'TW', 'US', 'UY', 'VN', 'ZA']",0.773,0.093,0.773,0.543,5.63e-06,0.175,-9.97,0.0292,115.997,4
90,My Life,The Essential Billy Joel,Billy Joel,2001-10-02,281973,57,False,"['AD', 'AE', 'AR', 'AT', 'AU', 'BE', 'BG', 'BH', 'BO', 'BR', 'CA', 'CH', 'CL', 'CO', 'CR', 'CY', 'CZ', 'DE', 'DK', 'DO', 'DZ', 'EC', 'EE', 'EG', 'ES', 'FI', 'FR', 'GB', 'GR', 'GT', 'HK', 'HN', 'HU', 'ID', 'IE', 'IL', 'IN', 'IS', 'IT', 'JO', 'JP', 'KW', 'LB', 'LI', 'LT', 'LU', 'LV', 'MA', 'MC', 'MT', 'MX', 'MY', 'NI', 'NL', 'NO', 'NZ', 'OM', 'PA', 'PE', 'PH', 'PL', 'PS', 'PT', 'PY', 'QA', 'RO', 'SA', 'SE', 'SG', 'SK', 'SV', 'TH', 'TN', 'TR', 'TW', 'US', 'UY', 'VN', 'ZA']",0.726,0.136,0.726,0.857,0.00025,0.0919,-6.107,0.0359,131.08,4
91,Ride Like the Wind,Christopher Cross,Christopher Cross,1979,275506,65,False,"['AD', 'AE', 'AR', 'AT', 'AU', 'BE', 'BG', 'BH', 'BO', 'BR', 'CA', 'CH', 'CL', 'CO', 'CR', 'CY', 'CZ', 'DE', 'DK', 'DO', 'DZ', 'EC', 'EE', 'EG', 'ES', 'FI', 'FR', 'GB', 'GR', 'GT', 'HK', 'HN', 'HU', 'ID', 'IE', 'IL', 'IN', 'IS', 'IT', 'JO', 'JP', 'KW', 'LB', 'LI', 'LT', 'LU', 'LV', 'MA', 'MC', 'MT', 'MX', 'MY', 'NI', 'NL', 'NO', 'NZ', 'OM', 'PA', 'PE', 'PH', 'PL', 'PS', 'PT', 'PY', 'QA', 'RO', 'SA', 'SE', 'SG', 'SK', 'SV', 'TH', 'TN', 'TR', 'TW', 'US', 'UY', 'VN', 'ZA']",0.669,0.347,0.669,0.707,0.000716,0.0997,-13.66,0.0478,124.335,4
92,Patience,G N' R Lies,Guns N' Roses,1988-01-01,354400,67,False,"['AD', 'AR', 'AT', 'AU', 'BE', 'BG', 'BO', 'BR', 'CH', 'CL', 'CO', 'CR', 'CY', 'CZ', 'DE', 'DK', 'DO', 'EC', 'EE', 'ES', 'FI', 'FR', 'GB', 'GR', 'GT', 'HK', 'HN', 'HU', 'ID', 'IE', 'IL', 'IS', 'IT', 'JP', 'LI', 'LT', 'LU', 'LV', 'MC', 'MT', 'MX', 'MY', 'NI', 'NL', 'NO', 'NZ', 'PA', 'PE', 'PH', 'PL', 'PT', 'PY', 'RO', 'SE', 'SG', 'SK', 'SV', 'TH', 'TR', 'TW', 'UY', 'VN', 'ZA']",0.457,0.711,0.457,0.266,0.000261,0.124,-14.465,0.0313,120.459,4
93,Wind Of Change,Crazy World,Scorpions,1990-01-01,313226,10,False,[],0.453,0.297,0.453,0.543,0.0,0.0928,-10.106,0.0366,151.362,4
94,Broken Wings,Welcome To The Real World,Mr. Mister,1985-06-01,345840,66,False,[],0.286,0.115,0.286,0.473,4.23e-05,0.071,-15.646,0.0388,99.233,4
95,Love Hurts,The Very Best Of,Nazareth,2006,233000,4,False,[],0.441,0.00124,0.441,0.452,0.000709,0.257,-8.442,0.0251,80.093,4
96,"Mama, I'm Coming Home",No More Tears (Expanded Edition),Ozzy Osbourne,1991-09-17,251866,69,False,"['AD', 'AE', 'AR', 'AT', 'AU', 'BE', 'BG', 'BH', 'BO', 'BR', 'CA', 'CH', 'CL', 'CO', 'CR', 'CY', 'CZ', 'DE', 'DK', 'DO', 'DZ', 'EC', 'EE', 'EG', 'ES', 'FI', 'FR', 'GB', 'GR', 'GT', 'HK', 'HN', 'HU', 'ID', 'IE', 'IL', 'IN', 'IS', 'IT', 'JO', 'JP', 'KW', 'LB', 'LI', 'LT', 'LU', 'LV', 'MA', 'MC', 'MT', 'MX', 'MY', 'NI', 'NL', 'NO', 'NZ', 'OM', 'PA', 'PE', 'PH', 'PL', 'PS', 'PT', 'PY', 'QA', 'RO', 'SA', 'SE', 'SG', 'SK', 'SV', 'TH', 'TN', 'TR', 'TW', 'US', 'UY', 'VN', 'ZA']",0.282,0.0105,0.282,0.656,0.0,0.0892,-6.557,0.0302,139.352,4
97,One,Achtung Baby,U2,1991-11-18,276186,11,False,[],0.511,0.256,0.511,0.536,0.00265,0.122,-8.661,0.0302,90.358,4
98,Don't Cry (Original),Use Your Illusion I,Guns N' Roses,1991-09-17,283733,74,False,"['AD', 'AR', 'AT', 'AU', 'BE', 'BG', 'BO', 'BR', 'CA', 'CH', 'CL', 'CO', 'CR', 'CY', 'CZ', 'DE', 'DK', 'DO', 'EC', 'EE', 'ES', 'FI', 'FR', 'GB', 'GR', 'GT', 'HK', 'HN', 'HU', 'ID', 'IE', 'IL', 'IS', 'IT', 'JP', 'LI', 'LT', 'LU', 'LV', 'MC', 'MT', 'MX', 'MY', 'NI', 'NL', 'NO', 'NZ', 'PA', 'PE', 'PH', 'PL', 'PT', 'PY', 'RO', 'SE', 'SG', 'SK', 'SV', 'TH', 'TR', 'TW', 'US', 'UY', 'VN', 'ZA']",0.456,0.00182,0.456,0.59,0.00379,0.104,-8.638,0.0327,124.635,4
99,If You Leave Me Now,Chicago X,Chicago,1976-06-14,235373,74,False,"['AD', 'AE', 'AR', 'AT', 'AU', 'BE', 'BG', 'BH', 'BO', 'BR', 'CA', 'CH', 'CL', 'CO', 'CR', 'CY', 'CZ', 'DE', 'DK', 'DO', 'DZ', 'EC', 'EE', 'EG', 'ES', 'FI', 'FR', 'GB', 'GR', 'GT', 'HK', 'HN', 'HU', 'ID', 'IE', 'IL', 'IN', 'IS', 'IT', 'JO', 'JP', 'KW', 'LB', 'LI', 'LT', 'LU', 'LV', 'MA', 'MC', 'MT', 'MX', 'MY', 'NI', 'NL', 'NO', 'NZ', 'OM', 'PA', 'PE', 'PH', 'PL', 'PS', 'PT', 'PY', 'QA', 'RO', 'SA', 'SE', 'SG', 'SK', 'SV', 'TH', 'TN', 'TR', 'TW', 'US', 'UY', 'VN', 'ZA']",0.429,0.0193,0.429,0.564,0.000828,0.128,-6.784,0.0268,104.212,4
